{"cameraMode":{"drawMode":0,"name":"Shaded","section":"Shading Mode"},"sceneLighting":true,"audioPlay":false,"sceneViewState":{"m_AlwaysRefresh":true,"showFog":true,"showSkybox":true,"showFlares":true,"showImageEffects":true,"showParticleSystems":true,"showVisualEffectGraphs":true,"m_FxEnabled":true},"in2DMode":false,"pivot":{"x":302.92559814453127,"y":-94.73729705810547,"z":201.22036743164063},"rotation":{"x":0.37039998173713686,"y":-0.5263625383377075,"z":0.2726254165172577,"w":0.7151376605033875},"size":109.42897033691406,"orthographic":false}